afid,parent_afid
60088055,60001681
60107243,60001681
60112942,60001681
60076841,60076509
60091248,60076509
60077546,60018290
60009515,60018290
60077754,60032170
60010254,60013913
60090476,60013913
60017857,60002457
60007950,60002457
60018924,60026478
60026934,60026478
60000404,60026478
60015984,60026478
60101197,60026478
60023357,60074952
60096653,60074952
60074963,60074952
60102609,60074952
60088241,60074952
60007207,60074952
60012109,60074952
60012234,60074952
60006722,60074952
60021637,60016159
60077302,60002583
60011035,60024780
60011972,60019228
60021706,60019228
60001982,60019228
60024076,60009503
60016853,60010352
60010630,60010352
60013487,60010352
60009836,60010352
60021390,60007977
60018858,60108065
60019750,60005873
60014566,60003515
60006157,60003515
60030001,60025500
60008883,60025500
60075105,60025236
60111163,60111165
60006191,60111165
60116922,60111165
60111160,60111165
60026044,60005407
60023512,60005407
60005540,60005407
60028182,60024586
60100743,60100742
60026719,60000787
60000407,60024727
60025374,60015791
60003861,60015791
60028530,60007161
60006713,60007161
60010624,60007161
60018398,60017635
60010820,60017635
60013444,60017635
60025717,60026798
60008994,60026798
60012559,60026798
60001075,60013357
60000200,60022606
60028443,60011425
60116324,60020420
60018591,60016943
60000003,60016943
60010549,60016943
60015052,60016943
60021048,60001673
60113039,60113038
60017387,60014715
60025095,60000451
60004087,60012222
60022481,60017205
60077130,60074592
60026566,60008040
60093643,60008040
60020067,60008040
60015864,60003892
60004372,60003892
60004683,60003892
60003699,60003892
60086304,60003892
60093724,60003892
60093787,60003892
60093807,60003892
60009043,60003892
60093810,60003892
60116796,60003892
60012562,60003892
60116379,60003892
60016091,60030639
60103035,60031934
60031532,60017640
60028618,60010256
60008335,60012960
60006481,60014300
60079146,60014300
60024136,60014300
60008383,60014300
60012230,60014300
60004458,60014300
60027826,60008853
60023694,60011754
60018384,60011754
60013674,60011754
60010469,60011754
60001085,60011754
60031288,60011754
60009974,60011754
60075002,60011754
60027574,60004819
60014801,60105348
60024399,60105348
60007872,60029246
60023432,60029246
60033488,60029246
60015593,60017974
60024457,60017974
60030633,60013567
60002381,60013567
60012097,60013567
60005258,60013567
60012977,60015958
60102851,60025086
60102854,60025086
60024444,60025086
60000988,60025086
60102852,60025086
60003259,60025086
60006519,60025086
60102853,60025086
60102855,60025086
60001749,60025086
60093657,60025086
60018485,60025086
60077094,60025086
60010211,60025086
60025207,60010171
60002365,60010171
60005086,60010171
60022263,60010171
60011122,60000175
60083521,60000175
60000037,60010972
60031146,60010972
60024896,60010972
60013884,60031884
60016883,60026148
60002688,60026148
60033479,60026097
60107846,60002441
60009295,60002441
60000278,60002441
60017203,60002441
60027347,60002441
60001793,60002441
60008978,60002441
60018083,60002441
60006804,60031742
60031917,60031742
60026935,60031742
60074469,60031742
60017310,60031742
60031326,60031742
60005525,60019596
60003775,60019596
60022825,60019596
60028390,60010521
60018993,60021142
60020225,60112297
60026745,60013305
60093773,60013305
60093772,60013305
60075108,60020916
60018266,60020916
60097406,60020916
60005529,60001456
60026957,60010821
60012419,60010821
60011271,60031281
60003526,60019674
60009611,60019674
60006385,60019674
60116524,60019674
60018701,60019674
60028144,60019674
60112441,60019674
60016120,60000144
60003017,60000144
60003883,60006832
60003562,60006832
60116518,60006832
60020504,60006832
60077756,60002717
60014178,60002717
60011369,60002717
60011480,60002717
60001149,60002717
60007984,60016608
60025119,60006221
60076240,60009428
60021006,60011460
60017169,60011460
60005454,60011460
60003486,60011460
60028546,60011460
60026115,60011460
60021025,60011460
60009796,60011460
60025886,60006477
60003117,60006477
60002126,60006477
60007941,60006477
60033081,60006477
60074364,60006477
60030844,60006477
60015982,60006477
60026076,60006477
60033062,60006477
60020733,60078416
60026744,60074727
60024189,60019469
60024204,60019469
60076517,60019469
60076520,60019469
60025706,60019469
60076518,60019469
60031030,60019469
60011105,60019469
60017508,60019469
60003738,60019469
60001559,60019469
60013970,60019469
60076519,60019469
60086778,60019469
60006979,60019469
60101306,60013273
60101307,60013273
60018411,60013273
60032872,60012748
60098850,60012748
60004270,60031581
60019402,60031581
60086312,60031581
60000275,60031581
60011911,60031581
60008123,60031581
60000933,60031581
60086311,60031581
60029250,60021137
60096497,60011116
60006172,60011621
60028606,60011621
60006423,60002558
60091916,60091915
60010317,60027534
60025418,60027534
60077293,60006295
60114024,60077615
60019857,60003813
100312123,60024613
60002312,60024613
60001032,60027950
60027437,60027950
60114175,60027950
60076258,60027950
60116234,60027950
60104841,60027950
60026874,60103180
60102483,60103180
60116300,60000305
60006404,60000305
60080345,60000305
60115230,60000305
60027486,60000305
60021578,60000305
60031833,60000305
60077171,60000305
60116612,60000305
60019604,60009934
60076084,60016173
60022358,60015228
60002993,60031027
60032692,60021658
60023808,60021658
60106655,60021658
60007216,60021658
60033054,60021658
60028982,60021658
60030966,60021658
60077228,60021658
60012318,60021658
60018507,60021658
60005173,60021658
60000177,60021658
60010078,60021658
60024623,60021658
60011584,60021658
60031551,60021658
60020465,60021658
60009746,60021658
60002473,60107427
60108094,60013194
60031179,60013194
60108095,60013194
60024900,60013194
60015736,60013194
60028233,60013194
60028912,60002958
60028866,60002958
60027477,60002958
60008261,60002860
60005317,60017031
60005007,60005723
60029309,60005723
60017571,60019029
60004048,60019029
60007389,60019029
60020070,60019029
60028614,60033411
60076640,60006830
60007554,60030440
60077001,60030003
60077231,60030003
60077201,60011045
60098639,60098638
60010650,60027062
60030528,60007033
60099784,60007033
60092668,60007033
60023814,60007033
60028458,60007033
60010187,60007033
60000429,60007033
60008096,60007033
60029759,60007033
60098146,60007033
60002896,60007033
60014511,60007033
60012518,60007033
60024611,60007033
60007707,60007033
60004489,60007033
60098814,60007033
60003937,60007033
60016441,60007033
60032373,60007033
60022008,60007033
60023558,60026610
60012505,60026610
60102363,60026610
60019149,60026610
60011471,60026610
60000955,60029770
60005477,60021160
60090080,60021160
60021689,60021160
60019074,60021160
60086603,60021160
60032732,60021160
60084100,60016535
109596209,60029652
60009464,60023136
60116053,60016114
60016053,60016114
60092602,60111815
60093019,60111815
60003642,60031948
60015535,60009226
60030159,60009226
60093250,60009226
60025472,60030162
60084782,60030162
60027552,60030162
60006539,60030162
60005691,60030162
60027565,60030162
60001864,60030162
60089339,60030162
60026454,60030162
60014211,60030162
60098179,60030162
60033011,60030162
60020055,60030162
60025843,60030162
60029358,60030162
60027041,60030162
60011605,60030162
60084783,60017823
60100144,60017823
60021522,60016895
60076525,60019634
60007373,60030882
60026663,60026722
60011488,60026722
60009398,60026722
60028544,60026722
60077626,60026722
60020901,60026722
60010424,60026722
60013797,60031738
60013846,60116888
60015577,60007776
60007526,60007776
60009552,60007776
60028072,60007776
60074859,60007776
60011997,60007776
60003719,60007776
60008774,60007776
60116635,60007776
60104837,60007776
60012094,60007776
60001788,60007776
60013798,60007776
60030638,60007776
60025303,60007776
60104840,60007776
60019493,60007776
60025849,60007776
60000247,60007776
60026978,60007776
60012732,60007776
60019868,60007776
60007997,60007776
60109878,60007776
60010605,60000574
60030895,60102808
60012294,60009378
60022991,60012028
60025396,60012028
60020248,60012028
60013661,60012028
60002998,60012028
60017907,60012028
60006198,60012028
60011763,60012028
60010474,60012028
60024081,60104700
60080010,60090138
60030527,60008417
60009229,60010756
60032305,60010756
60033410,60010756
60004859,60010756
60024248,60010756
60001844,60010756
60007267,60010756
60032015,60010756
60022820,60010756
60007480,60010756
60030443,60010756
60076581,60010756
60017072,60010756
60007725,60024595
60017734,60005113
60007667,60005113
60102777,60016611
60027630,60016611
60102778,60016611
60103987,60016611
60011445,60030563
60018665,60030563
60020478,60030563
60025117,60031939
60098407,60023695
60012838,60023695
60105810,60023695
60105861,60023695
60010755,60023695
60105917,60023695
60033290,60023695
60021087,60023695
60074595,60023695
60012281,60023695
60020212,60023695
60030910,60023695
60024679,60023695
60105921,60023695
60022030,60023695
60014521,60023695
60007873,60023695
60005937,60023695
60002159,60023695
60015022,60023695
60022145,60023695
60032547,60023695
60010020,60023695
60105924,60023695
60033372,60023695
60074459,60023695
60012104,60023695
60018425,60023695
60016164,60023695
60025004,60023695
60022762,60023695
60105922,60023695
60015165,60023695
60011641,60023695
60002320,60023695
60105860,60023695
60031709,60023695
60021215,60023695
60025164,60023695
60031804,60023695
60020446,60023695
60026984,60023695
60032904,60023695
60001421,60023695
60105925,60023695
60105915,60023695
60084773,60023695
60028251,60023695
60009350,60023695
60002223,60023695
60105859,60023695
60105923,60023695
60015485,60023695
60074885,60023695
60007990,60023695
60000350,60023695
60090854,60023695
60006125,60023695
60105937,60023695
60105918,60023695
60004786,60023695
60105857,60023695
60011058,60023695
60014095,60023695
60105856,60023695
60004768,60023695
60022556,60023695
60030419,60023695
60009511,60023695
60085690,60023695
60105938,60023695
60007073,60023695
60023621,60023695
60022482,60023695
60009004,60023695
60021513,60023695
60105919,60023695
60105916,60023695
60105858,60023695
60031774,60023695
60014050,60023695
60028084,60023695
60079887,60023695
60029074,60023695
60000342,60023695
60105920,60023695
60006674,60023695
60105926,60023695
60018615,60023695
60011319,60023695
60002586,60023695
60020403,60023695
60020147,60023695
60029545,60023695
60008908,60023695
60073942,60023695
60028851,60023695
60025667,60004279
60030856,60023439
60003678,60023439
60024937,60023439
60006521,60005261
60102806,60005261
60022282,60005261
60018152,60005261
60096667,60005261
60011578,60005261
60002461,60005261
60000466,60030832
60026924,60009165
60028237,60009165
60023557,60009165
60088402,60009165
60029261,60009165
60018843,60009165
60007927,60009165
60030726,60009165
60022890,60014662
60018435,60014662
60015739,60033131
60084104,60005767
60079163,60005767
60018749,60008724
60030982,60008724
60008176,60008724
60004654,60008724
60020096,60008724
60113147,60008724
60005200,60008724
60023681,60008724
60116608,60008724
60006235,60010910
60107553,60010910
60031835,60010910
115638522,60012641
60018917,60016280
60072481,60001426
60073988,60031138
60017603,60015057
60027929,60015057
60005158,60015057
60005413,60015057
60028870,60015057
60023525,60020663
60000403,60014582
60103337,60025685
60031901,60025685
60025122,60025685
60013379,60026976
60026357,60028872
60023982,60020423
60015470,60020423
60082393,60008787
60081165,60008787
60004929,60008787
60075404,60008787
60016498,60008787
60096153,60008787
60096131,60008787
60082394,60008787
60014498,60000928
60000105,60000928
60025863,60000928
60033458,60000928
60029586,60000928
60012837,60000928
60019159,60000928
60078453,60000928
60025545,60000928
60030249,60000928
60002339,60000928
60018493,60000928
60116269,60000928
60077204,60000928
60025315,60000928
60018590,60000928
60028105,60000928
60025097,60000928
60030958,60001688
60011018,60079804
60002652,60031043
60003987,60031043
60031979,60027233
60013417,60027233
60006775,60026098
60023667,60026098
60093191,60024271
60003278,60024271
60020783,60024271
60003423,60021814
60111190,60109024
60014677,60010537
60030196,60010537
60030134,60028728
60030760,60010651
60009168,60010651
60027139,60004504
60075451,60004504
60000563,60012989
60031136,60012989
60006897,60001625
60009120,60023612
60010152,60023612
60112497,60023612
60013830,60023612
60018149,60023612
60008845,60023612
60112315,60023612
60091322,60023612
60019743,60023612
60030591,60023612
60031864,60023612
60003623,60023612
115372664,60120612
60010780,60020447
60029283,60020447
60007876,60020447
60024441,60020447
60013723,60020447
60020502,60020447
60009739,60020447
60017450,60017606
60012390,60024673
60018900,60030386
60006667,60002092
60083980,60002092
60009668,60002092
60026141,60002092
60012284,60002092
60002264,60003169
60019246,60029798
60004138,60030997
60077079,60012928
60014032,60031973
60033310,60106890
60075486,60106890
60013294,60106890
60008270,60001527
60029752,60001527
60006073,60033467
60096634,60013901
60101851,60013901
60103256,60103255
60079476,60014169
60079477,60014169
60019775,60014169
60107915,60014169
60004139,60014169
60021881,60014169
60079479,60014169
60001836,60014169
60028668,60015623
60102313,60015623
60014947,60015623
60021211,60015623
60008945,60015623
60010662,60001413
60032959,60001413
60002190,60001413
60000570,60001413
60003404,60018319
60021890,60018319
60023279,60018319
60098564,60018319
60077295,60003088
60077343,60003088
60003531,60003088
60116650,60003088
60012814,60003088
60032302,60003088
60031795,60003088
60024161,60003088
60019827,60003088
60025286,60003088
60007653,60023927
60020908,60023927
60022948,60023927
60021191,60023927
60002396,60023927
60002563,60023927
60116416,60023927
60022986,60023927
60002085,60023927
60017055,60023927
60007808,60000930
60015099,60019647
60001603,60019647
60116662,60019647
60021032,60019647
60077233,60019647
60023458,60026791
60028776,60026791
60020025,60026791
60023990,60004838
60013924,60004838
60101646,60098019
60032212,60002479
60029804,60002479
60009735,60017000
60020717,60029407
60080797,60015998
60104417,60015998
60010456,60031249
60023435,60025522
60017087,60009982
60020285,60009982
60030058,60009982
60097058,60009982
60016782,60009982
60003848,60009982
60030534,60009982
60008397,60009982
60005478,60009982
60023563,60009982
60100090,60009982
60026147,60009982
60010869,60009982
60030521,60009982
60079465,60009982
60020482,60009982
60009045,60009982
60001440,60009982
60007377,60009982
60019666,60009982
60021507,60009982
60022098,60009982
60027409,60009982
60000650,60009982
60031821,60009982
60077735,60009982
60003705,60009982
60010402,60009982
60006303,60009982
60007624,60009982
60007773,60009982
60029819,60009982
60030776,60009982
60077572,60009982
60017150,60009982
60002746,60009982
60008361,60009982
60014986,60009982
60070963,60009982
60012535,60009982
60016655,60009982
60104690,60009982
60102779,60009982
60027234,60009982
60005856,60009982
60027452,60009982
60032499,60009982
60107878,60009982
60028031,60009982
60077569,60009982
60097350,60009982
60020680,60009982
60002294,60009982
60006332,60009982
60006524,60009982
60003872,60009982
60082390,60009982
60013733,60009982
60003828,60009982
60029929,60009982
60008130,60009982
60010617,60009982
60015527,60009982
60027589,60009982
60002389,60009982
60023942,60009982
60028457,60009982
60018380,60009982
60028842,60009982
60008668,60009982
60028849,60009982
60008079,60009982
60008789,60009982
60100185,60009982
60009751,60009982
60022124,60032446
60002206,60011419
60017097,60011419
60022812,60026027
60076643,60027330
60026480,60027330
60008669,60027330
60014098,60027330
60075852,60075851
60075850,60075851
60018122,60026947
60023559,60015501
60021966,60030704
60073984,60030704
60074040,60030704
60010189,60030704
60020748,60030704
60017077,60030704
60001216,60030704
60008578,60030704
60018434,60030704
60102493,60030704
60017792,60030704
60108092,60108084
60010574,60020536
60021411,60006066
60000821,60006066
60000170,60031376
60001142,60031376
60028892,60031376
60010011,60031376
60024700,60031376
60020160,60031376
60029795,60031376
60107658,60029304
60027056,60006156
60017214,60006156
60003351,60032995
60009147,60032995
60031098,60032995
60099032,60032995
60088415,60032995
60008981,60014933
60009858,60014933
60001224,60009470
60019745,60012771
60032077,60012771
60008178,60012771
60021587,60012771
60025375,60012771
60075125,60075124
60011048,60017366
60009253,60017366
60027071,60017366
60021293,60017366
60007812,60017366
60004670,60012981
60000764,60012981
60031944,60024427
60086702,60024427
60099485,60024427
60077454,60103253
60077135,60005437
60032387,60005437
60008161,60005437
60014846,60000251
60098842,60000251
60031650,60114444
60023019,60002873
60002543,60024609
60010114,60024609
60011765,60024609
60018927,60024609
60013712,60024609
60031692,60024609
60004585,60024609
60021947,60024609
60008954,60024609
60024276,60024609
60102121,60024609
60008282,60024609
60028660,60024609
60027368,60024609
60032727,60024609
60024858,60021121
60018633,60021121
60005019,60021121
60008097,60021121
60005508,60021121
60022803,60021121
60032025,60021121
60002829,60021121
60009781,60021121
60004045,60021121
60022122,60021121
60018250,60021121
60004942,60021121
60020262,60021121
60014494,60021121
60001483,60001535
60011574,60010459
60020094,60010459
60018324,60022889
60002646,60022889
60030029,60010102
60031531,60010102
60074754,60033010
60024413,60009534
60013810,60019854
60116591,60004354
60001969,60004354
60003591,60010384
60012466,60010384
60093014,60010384
60007070,60001551
60027885,60001551
60077107,60001551
100575407,60010887
115777815,60010887
60002420,60010887
60002071,60017136
60075510,60017136
60021381,60017136
60009289,60027249
60009832,60021164
60010791,60021164
60026236,60008359
60006247,60008359
60014503,60008359
60032126,60032357
60112765,60023115
60002507,60005248
60014892,60005248
60032390,60005248
60030952,60005248
60006183,60005248
60097040,60005248
60030252,60005248
60003443,60005248
60006433,60005248
60001117,60005248
60006498,60005248
60077530,60005248
60025786,60005248
60020802,60005248
60001555,60005248
60021212,60005248
60024002,60005248
60015891,60005248
60022569,60010584
60082463,60010584
60004932,60010584
60027736,60010584
60026993,60010584
60011012,60010584
60098193,60010584
60018569,60010584
60098194,60010584
60016769,60001155
60022625,60001155
60015503,60017457
60072476,60017457
60009603,60017457
60015521,60017457
60028865,60017457
60022056,60017457
60032228,60017457
60023186,60017457
60024670,60017457
60022519,60014903
60018348,60000689
60011421,60000689
60001740,60000689
60032242,60000689
60019803,60000689
60008481,60000689
60010200,60019740
60007359,60029653
60010608,60026235
60032135,60021739
60020517,60021739
60010670,60021739
60015514,60021739
60113739,60113740
60020714,60023213
60022026,60023213
60004356,60023213
60009586,60000027
60112848,60001059
60020249,60001059
60112847,60001059
60007547,60011661
60019462,60011661
60029120,60011661
60030866,60011661
60014781,60011661
60017269,60011661
60021613,60011273
60078318,60011273
60077627,60001702
60093187,60001702
60093302,60001702
60092180,60001702
60015174,60016037
60016635,60017146
60024535,60017146
60098644,60026175
60025894,60022170
60032252,60022170
60021019,60015937
60030928,60015937
60008833,60015937
60018613,60015937
60016434,60015937
60027778,60015937
60015599,60015937
60074217,60015937
60111968,60012232
60027038,60015036
60009172,60003249
60024671,60021618
60079488,60021618
60008638,60015472
60013520,60012675
60014913,60002959
60024777,60002959
60004985,60002959
60022774,60002959
60073774,60002959
60074039,60002959
60028659,60113483
60010342,60113483
60030806,60113483
60016069,60113483
60008527,60028301
60086309,60028301
60007409,60028301
60001889,60014631
60031498,60014631
60004377,60006164
60006099,60006164
60013445,60018935
60073918,60007566
60019488,60007566
60005251,60007566
60027273,60007566
60033234,60007566
60026911,60007566
60005339,60007566
60009404,60007566
60013610,60007566
60017430,60007566
60004274,60007566
60026632,60007566
60019937,60029426
60011785,60029426
60028030,60029426
60005399,60029426
60004067,60029426
60019288,60029426
60031847,60029426
60001158,60029426
60000092,60016251
60022013,60033345
60081111,60010529
60019429,60019482
60100735,60003545
60016469,60003545
60017216,60003545
60029627,60003545
60072523,60005448
60100748,60024077
60019761,60006818
60030562,60024783
60006187,60024783
60019145,60031424
60031472,60016634
60028479,60016634
60023999,60016634
60018492,60016634
60022581,60016634
60026218,60016634
60018328,60016634
60023339,60016634
60002721,60031731
60031951,60012456
60022863,60000678
60025738,60000678
60016026,60000678
60018220,60000678
60023855,60000678
60021034,60000678
60010576,60029638
60019982,60015720
60011321,60015720
60016736,60111873
60023093,60005085
60026241,60005085
60004194,60005085
60005011,60005085
60097091,60022195
60003561,60022195
60113392,60022195
60113291,60022195
60024592,60022195
60100145,60022195
60006320,60022195
60015009,60022195
60103460,60022195
60113353,60022195
60002243,60022195
60014228,60022195
60022717,60022195
60018859,60026829
60032718,60012553
60075791,60012553
60033094,60012553
60028528,60023222
60003495,60023222
60024312,60023222
60016142,60023222
60030653,60023222
60008738,60023222
60013767,60023222
60005395,60023222
60027179,60023222
60027292,60023222
60003540,60023222
60005447,60023222
60011237,60023222
60016661,60023222
60019902,60023222
60011564,60023222
60022912,60021351
60026675,60009062
60001022,60017445
60010010,60017445
60084259,60016530
60006507,60016530
60009656,60009343
60010284,60026005
60013143,60026005
60012403,60026005
60032403,60007995
60012199,60007995
60008714,60007995
60031623,60007995
60014968,60007995
60075504,60007995
60026814,60007697
60032426,60025178
60016794,60025178
60000554,60025178
60011806,60010478
60016543,60010478
60029221,60005824
60025897,60032706
60022479,60032706
60083177,60011453
60097388,60073946
60074041,60031707
60014123,60031707
60097414,60031707
60097413,60031707
60103265,60031318
60074105,60074104
60118488,60021726
60121308,60021726
60017070,60021726
60026532,60021726
60032719,60021726
60019156,60015707
60073969,60073967
60073968,60073967
60093340,60008423
60012529,60008423
60033442,60000024
60020247,60020051
60091884,60020051
60004690,60020051
60015596,60020051
60013209,60020051
60091885,60020051
60028141,60020051
60000706,60016646
60028995,60016646
60000602,60007710
60003424,60007710
60014491,60007710
60006663,60001526
60004878,60001526
60008897,60001526
60008499,60001526
60029415,60001526
60000128,60001526
60028427,60001526
60005755,60001526
60030898,60001526
60024992,60001526
60011036,60001526
60001044,60001526
60073939,60024728
60031452,60109464
60022432,60109464
60002309,60012286
60077648,60012286
60007148,60022522
60019532,60022522
60018977,60022522
60028011,60022522
60017410,60022522
60004747,60022522
60022739,60022522
60016040,60022522
60031294,60022522
60015130,60022522
60009139,60017062
60002509,60031634
60026411,60031634
60028440,60012394
60004551,60015287
60019945,60015287
60011552,60011252
60005145,60024590
60099846,60024590
60000045,60020530
60014855,60033333
60019036,60010579
60113661,60113660
60018637,60002244
60103621,60004340
60017627,60015273
60022970,60015273
60030969,60015273
60017298,60015273
60015007,60010208
60001649,60021243
60077300,60031754
60021549,60031754
60021209,60090776
60026531,60090776
60019837,60028297
60022275,60003103
60015279,60003103
60017133,60023053
60029786,60023053
60016623,60023053
60000268,60023053
60015645,60023053
60018285,60023053
60032605,60023053
60008878,60023053
60003401,60023053
60002373,60023053
60007532,60023053
60015358,60023053
60000870,60006577
60028170,60006577
60022386,60006577
60097795,60006577
60076577,60006577
60033121,60006577
60074840,60006577
60023812,60006577
60013409,60006577
60027053,60006577
60104446,60006577
60087823,60006577
60018432,60006577
60016619,60006577
60007651,60006577
60005281,60006577
60013369,60006577
60017336,60006577
60005449,60006577
60027085,60006577
60017777,60006577
60023653,60006577
60008438,60006577
60028652,60006577
60026049,60006577
60003158,60006577
60013780,60006577
60024906,60006577
60017252,60006577
60016730,60006577
60013123,60006577
60020468,60006577
60030317,60006577
60001536,60006577
60011528,60006577
60033176,60006577
60078461,60006577
60078460,60006577
60078458,60006577
60078457,60006577
60078459,60006577
60072521,60006577
60032254,60006577
60021862,60006577
60019280,60006577
60013335,60006577
60006614,60006577
60016257,60006577
60076790,60006577
60091768,60006577
60100705,60006577
60021500,60006577
60033070,60006577
60023260,60027716
60008778,60027716
60019273,60027716
60017867,60027716
60010190,60027716
60001662,60027716
60098813,60027716
60021888,60027716
60011308,60027716
60023308,60027716
60021738,60027716
60027206,60027716
60004521,60027716
60012856,60027716
60028010,60027716
60003171,60027716
60000533,60027716
60000633,60027716
60006550,60027716
60031127,60027716
60010997,60027716
60020139,60027716
60006412,60027716
60020873,60027716
60022992,60027716
60098861,60027716
60003991,60027716
60005776,60027716
60025916,60027716
60101396,60027716
60083594,60027716
60007806,60027716
60003723,60027716
60005188,60027716
60028504,60027716
60025663,60027716
60007242,60027716
60006693,60027716
60022700,60027716
60019565,60027716
60029222,60027716
60009670,60027716
60028451,60027716
60100701,60027716
60008492,60015560
60021907,60024185
60003821,60024185
60019796,60024185
60098160,60009235
60103346,60013346
60004285,60013346
60015890,60009087
60010879,60003372
60022562,60020822
60082939,60020822
60017965,60020822
60008676,60020822
60082938,60020822
60020042,60001143
60031751,60022904
60024123,60022904
60015439,60014704
60020584,60014704
60020558,60028844
60002574,60028844
60022688,60028844
60013812,60002162
60074685,60002162
60029847,60002162
60074655,60002162
60016419,60002162
60032187,60004529
60011340,60004529
60006881,60017487
60097988,60001116
60101633,60001116
60007051,60001116
60000253,60001116
60097849,60087684
60097848,60087684
60028185,60029961
60004826,60018043
60099833,60028134
60000612,60001210
60017162,60021784
100764494,60021784
60108325,60021784
60003261,60021784
60113599,60021784
115336680,60021784
60108316,60021784
60022651,60021784
60007924,60021784
60108355,60021784
60024541,60021784
60032105,60021784
60015903,60021784
60002262,60021784
60108324,60021784
60108321,60021784
60108319,60021784
60108318,60021784
60108320,60021784
60113606,60021784
60100668,60021784
60029600,60021784
60103213,60021784
60108329,60021784
60091269,60091268
60019708,60027168
60075282,60075281
60030086,60006107
60103191,60006107
60103625,60004923
60026355,60032270
60016955,60032270
60029827,60032270
60013073,60032270
60023132,60032270
60017683,60032270
60076964,60032425
60101157,60025879
60020682,60025879
60020804,60025879
60033144,60025879
60013247,60025879
60019970,60025879
60028369,60025879
60018433,60025879
60099772,60025879
60025271,60001423
60017092,60009878
60116407,60028628
60096998,60025209
60005631,60025209
60001369,60025209
60014258,60025209
60074629,60025209
60079894,60025209
60024575,60025209
60087781,60025209
60074748,60025209
60076937,60008281
60024498,60008281
60119143,60007363
60006203,60007363
60030426,60007363
60107358,60007363
60013227,60007363
60002249,60007363
60001590,60007363
60084267,60019600
60003954,60024266
60008117,60024266
60003029,60024266
60026875,60024266
60007722,60024266
60013187,60015641
60001199,60015641
60022893,60018431
60090065,60003983
60016176,60003983
60076932,60003983
60007232,60003983
60000766,60003983
60088189,60003983
60013997,60003500
60090016,60003500
60116516,60003500
60086722,60003500
60013499,60003500
60016975,60003500
60080008,60003500
60030273,60003500
60018833,60003500
60013177,60003500
60032497,60003500
60002058,60003500
60015140,60003500
60013508,60011132
60013873,60011132
60023961,60011132
60002314,60011132
60016370,60011132
60026360,60011132
60009265,60006514
60025022,60006514
60022564,60006514
60032759,60006514
60000556,60006514
60012988,60006514
60033030,60007652
60024292,60025078
60082566,60027758
60006135,60005951
60018898,60016733
60017195,60016733
60032702,60016733
60007258,60016733
60005246,60016733
60014396,60013402
60029223,60013402
60016826,60013402
60014014,60013402
60001976,60013402
60091778,60013402
60028525,60013402
60031622,60013402
60022104,60005604
60014606,60005604
60093945,60005604
60103027,60103026
60074426,60074424
60074425,60074424
60074427,60074424
60013783,60031816
60002432,60031816
60074893,60023471
60021540,60027504
60026982,60032644
60000320,60024739
60018857,60020498
60019993,60020498
60023580,60020305
60006079,60093059
60006763,60022172
60005103,60022172
60020791,60032696
60019867,60017201
60001114,60017201
60013568,60017201
60024493,60017201
60000976,60017201
60001391,60006660
60103339,60001439
60004119,60001439
60073785,60001439
60031188,60001439
60073787,60001439
60101686,60001439
60030781,60001439
60027671,60001439
60027934,60001439
60073786,60001439
60026503,60001439
60111564,60001439
60013671,60001439
60111565,60001439
60076315,60001439
60073788,60001439
60030509,60001439
60019999,60001439
60102586,60014918
60021442,60014918
60009530,60014918
60113113,60014918
60006275,60006989
60030796,60006989
60020915,60006989
60030403,60006989
60013563,60006989
60027216,60006989
60111784,60011519
60091941,60091942
60027180,60007556
60025425,60007556
60009688,60027845
60001378,60022370
60013800,60008693
60002436,60017044
60021986,60111034
60009132,60111034
60004027,60030548
60006772,60021566
60015722,60021566
60004704,60021566
60026895,60021566
60101963,60021566
60003211,60021566
60015421,60021566
60030470,60021566
60019085,60021566
60027305,60021174
60075450,60003269
60021671,60003269
60018020,60003269
60075452,60003269
60021223,60003269
60075239,60003269
60005464,60025856
60016481,60025856
60000785,60009600
60033084,60028280
60002322,60023461
60028629,60009254
60116251,60009254
60032781,60009254
60077109,60009254
60103024,60009254
60077121,60009254
60013867,60009254
60014339,60009254
60015178,60009254
60022817,60009254
60015912,60009254
60012132,60111599
60102803,60013301
60026609,60002699
60103125,60111893
60002582,60002645
60011790,60003873
60012524,60020269
60013660,60002892
60020644,60002892
60097957,60025534
60116341,60025534
60008601,60025534
60016401,60032205
60116316,60005286
60029557,60008485
60003568,60033392
60090017,60033392
60030504,60033392
60013531,60033392
60018430,60001777
60116152,60001777
60013931,60032490
60004296,60032490
60013037,60032490
60003537,60003635
60027960,60003635
60019262,60000927
60023655,60028095
60003031,60028095
60072480,60022577
60017662,60016602
60026848,60016602
60007604,60016602
60009633,60016602
60025725,60002032
60009452,60002032
60009094,60002032
60026425,60002032
60020152,60002032
60018691,60002032
60020371,60015916
60018155,60015916
60024492,60015916
60002358,60009665
60019005,60009665
60002068,60009665
60021467,60009665
60024964,60009665
60009351,60009665
60001287,60028663
60012917,60028663
60018760,60004004
60030344,60004004
60030138,60073334
60023825,60073334
60018299,60073334
60018277,60073334
60023533,60073334
60014274,60073334
60020265,60073334
60032183,60028343
60014932,60028590
60027599,60028590
60026959,60028590
60012547,60028590
60009667,60028590
60000945,60028590
60006710,60028590
60017082,60028590
60097912,60014143
60098661,60014143
60009610,60014143
60010891,60014143
60015579,60012469
60023253,60032445
60085723,60018926
60096500,60018926
60025871,60014682
60015900,60014682
60007843,60014682
60011819,60023618
60116481,60074308
60117372,60074308
60075242,60074308
60117134,60074308
60117432,60074308
60116480,60074308
60117362,60074308
60077590,60074308
60026843,60074308
60001462,60007103
60004979,60009029
60005457,60009029
60031698,60017032
60015383,60017032
60000587,60017032
60007623,60017032
60012846,60017032
60010181,60017032
60007676,60017032
60020386,60023759
60104917,60023759
60012909,60023759
60009292,60018676
60096666,60096665
60025550,60096665
60074722,60080200
60019529,60005532
60002330,60005532
60018072,60005532
60001820,60005532
60011238,60005532
60075285,60005532
60001003,60005532
60005911,60005532
60018188,60005532
60032513,60005532
60028056,60005532
60019733,60005532
60016497,60005532
60105361,60105360
60006611,60111901
60002931,60005330
60016671,60005330
60001995,60005330
60004674,60005330
60077538,60075277
60025643,60015033
60019177,60015033
60022189,60015033
60030112,60015033
60023870,60015033
60015372,60015033
60017825,60015033
60015251,60015033
60013953,60015033
60001709,60015033
60007670,60015033
60030522,60015033
60019897,60015033
60004398,60015033
60026179,60019155
60006549,60000584
60019883,60000584
60025763,60018394
60006689,60011054
60033303,60114843
60021886,60018498
60003990,60018498
60024334,60029472
60011455,60029472
60024072,60029472
60021399,60029472
60116865,60017536
60105154,60024426
60031042,60011533
60099840,60011688
60007462,60006315
60007468,60007960
60024345,60007960
60006047,60000568
60024820,60020000
60086308,60019831
60030631,60010106
60019505,60025289
60000804,60025289
60015167,60025289
60017142,60025289
60007637,60025447
60001362,60025361
60031921,60025361
60024633,60025361
60027317,60025361
60021280,60015950
60024790,60015950
60025795,60006177
60011795,60006177
60029349,60006177
60019678,60006177
60032310,60010332
60076515,60012708
60015156,60012708
60075286,60012708
60078422,60012708
60028364,60012708
60091253,60012708
60074650,60012708
60026163,60012708
60091251,60012708
60091249,60012708
60025590,60012708
60091250,60012708
60010984,60012708
60020928,60012708
60025911,60012708
60010417,60012708
60005585,60012708
60023012,60012708
60015615,60012708
60032838,60012708
60091252,60012708
60005065,60018679
60026507,60018679
60022575,60018679
60000424,60014686
60001454,60014686
60032822,60014686
60008580,60014686
60018192,60014686
60022981,60014686
60016461,60029094
60013414,60029094
60024831,60029094
60015743,60029094
60027987,60029094
60004207,60014888
60020239,60014888
60013163,60014888
60026039,60014934
60017091,60014934
60023423,60014934
60008685,60014934
60010888,60014934
60013702,60014934
60009674,60014934
60018218,60014934
60017809,60026415
60101642,60026415
60002053,60026415
60011694,60018520
60006904,60018520
60090082,60018520
60004360,60014708
60011725,60002824
60019701,60011666
60099757,60011666
60027061,60011666
60098806,60011666
60031856,60011666
60018819,60011666
60012851,60011666
60002337,60011666
60103212,60011666
60028269,60011666
60030085,60011666
60025800,60011666
60099768,60011666
60015845,60011666
60015902,60011666
60011073,60011666
60009812,60011666
60021582,60011666
60014235,60011666
60003560,60011666
60007595,60011666
60082170,60020273
60019150,60032083
60075201,60032083
60101632,60032083
100316958,60032083
100311836,60032083
60090009,60032083
60015640,60023247
60028589,60018741
60029725,60018741
60094509,60094508
60094510,60094508
60025072,60011874
60020079,60009778
60074641,60009778
60013565,60030551
60018635,60023418
60006700,60023418
60100591,60031163
60016898,60031163
60023407,60031163
60016242,60030398
60013936,60030398
60013342,60030398
60021187,60030398
60014362,60030398
60006336,60030398
60017945,60011293
60098873,60011293
60032164,60026567
60029579,60026567
60020243,60026567
60002127,60008119
60025837,60020547
60033233,60020547
60009652,60020547
60028671,60020547
60019871,60020547
60002208,60020547
60012455,60020547
60020131,60020547
60032297,60020547
60000514,60020547
60120610,60020547
60102356,60020547
60092538,60020547
60108629,60020547
60101400,60020547
60023745,60020547
60112576,60020547
60120804,60032964
60007241,60032964
60120802,60032964
60120842,60032964
60074679,60032964
60020626,60032964
60079890,60032964
60023472,60029318
60005705,60022377
60011003,60033080
60020754,60028168
60024049,60029792
60086599,60008922
60108512,60004182
60100141,60077900
60006934,60032776
60011920,60032927
60002220,60032927
60076075,60032927
60021816,60032927
60018264,60026908
60032420,60015277
60009189,60015277
60004536,60015277
60032333,60015277
60015474,60005165
60033210,60025464
60015714,60027893
60096268,60023000
60102494,60018661
60102495,60018661
60002591,60018661
60014186,60018661
60007156,60008971
60022184,60008971
60077524,60023143
60012651,60023143
60031958,60023143
60011387,60023143
60103639,60023143
60013577,60023143
60001344,60023143
60033061,60023143
60015849,60023143
60116354,60017672
60073916,60017672
60006707,60017672
60004537,60017672
60025818,60017672
60030071,60017672
60002462,60017672
60026862,60017672
60015112,60017672
60021134,60017672
60009126,60009804
60023216,60009804
60001148,60005946
60013729,60005946
60011386,60005946
60000998,60005946
60021337,60005946
60007964,60005946
60025055,60028055
60011538,60028055
60032268,60028055
60031387,60028055
60005994,60028055
60002482,60028055
60033397,60028055
60031985,60028055
60099776,60033103
60010546,60033103
60078210,60033103
60089433,60033103
60073971,60022225
60076904,60022225
60011390,60022225
60080004,60022225
60001194,60022225
60006980,60022225
60024198,60022225
60032798,60022225
60010768,60022225
60022920,60022225
60024658,60022225
60021218,60022225
60030860,60022225
60021630,60022225
60006129,60022225
60102400,60022225
60022049,60022225
60084258,60022225
60028374,60022225
60009186,60022225
60033395,60022225
60021234,60022225
60020545,60022225
60031133,60022225
60019717,60022225
60007402,60022225
60029902,60022225
60078130,60022225
60001262,60022225
60015396,60022225
60074784,60008809
60001516,60008809
60020299,60008809
60077445,60008809
60013655,60008809
60086597,60008809
60025190,60008809
60075351,60008809
60008112,60008809
60027624,60008809
60012336,60008809
60027974,60008809
60085742,60008809
60004125,60008809
60014599,60008809
60003319,60008809
60013434,60008809
60009021,60008809
60003563,60008809
60032409,60008809
60005877,60008809
60092465,60008809
60022306,60008809
60005002,60008809
60025907,60008809
60085741,60008809
60029473,60008809
60017243,60008809
60004311,60008809
60010276,60008809
60110491,60008809
60011137,60008809
60074985,60008809
60011199,60008809
60080802,60008809
60074027,60008809
60080803,60008809
60085735,60008809
60080801,60008809
60076227,60008809
60085734,60008809
60085733,60008809
60080800,60008809
60025767,60008809
60026648,60008809
60019384,60008809
60018226,60008809
60012644,60008809
60017388,60008809
60014674,60008809
60008006,60008809
60003193,60008809
60027205,60008809
60013422,60008809
60012858,60008809
60074055,60008809
60008302,60008809
60074056,60008809
60080799,60008809
60099774,60008809
60029742,60008809
60023117,60008809
60102869,60008809
60020508,60008809
60003178,60008809
60024711,60008809
60024672,60008809
60074054,60008809
60016921,60008809
60020679,60008809
60009760,60008809
60076559,60008809
60004802,60008809
60003833,60008926
60001564,60008926
60010287,60008926
60008220,60008926
60011542,60008926
60025060,60008926
60002408,60008926
60019130,60008926
60006051,60008926
60023840,60008926
60028809,60008926
60000747,60008926
60079475,60028337
60032384,60032280
60009911,60032280
60093609,60032280
60021683,60032280
60007602,60032280
60091246,60032280
60110412,60032280
60076945,60032280
60001989,60032280
60076225,60032280
60092179,60032280
60103678,60032280
60103675,60032280
60091302,60032280
60032434,60032280
60022061,60032280
60030463,60032280
60103650,60032280
60010048,60032280
60025549,60032280
60000635,60032280
60020010,60032280
60014987,60032280
60010621,60032280
60090934,60032280
60008135,60032280
60003922,60032280
60103651,60032280
60003888,60032280
60007901,60032280
60000807,60032280
60005864,60032280
60001518,60032280
60013741,60032280
60008528,60032280
60103648,60032280
60103775,60032280
60016024,60032280
60006180,60032280
60022218,60032280
60025724,60032280
60017210,60032280
60026143,60032280
60029237,60032280
60103649,60032280
60024862,60032280
60023830,60032280
60010372,60032280
60013351,60032280
60023722,60032280
60027678,60032280
60001609,60032280
60103685,60032280
60029951,60032280
60023175,60032280
60103646,60032280
60030965,60032280
60103048,60032280
60005305,60032280
60090910,60032280
60011435,60032280
60018907,60032280
60018268,60032280
60006914,60032280
60017654,60032280
60030366,60032280
60032832,60032280
60001963,60032280
60028521,60032280
60086585,60032280
60022772,60032280
60007849,60032280
60001243,60032280
60019986,60032280
60026715,60032280
60023624,60032280
60014998,60032280
60020199,60032280
60103652,60032280
60103647,60032280
60028657,60032280
60025292,60032280
60013171,60032280
60083179,60032280
60019520,60032280
60031032,60032280
60001283,60032280
60021335,60032280
60026170,60032280
60000878,60032280
60001145,60032280
60011043,60032280
60004653,60032280
60008574,60032280
60022600,60032280
60002603,60032280
60028226,60032280
60032935,60032280
60008671,60032280
60003342,60032280
60012076,60032280
60010639,60032280
60005850,60032280
60091232,60032280
60007681,60032280
60025189,60032280
60020049,60032280
60011959,60032280
60023249,60032280
60013275,60032280
60022088,60032280
60006631,60032280
60027566,60032280
60010838,60032280
60075868,60032280
60009224,60032280
60016539,60032280
60022541,60032280
60003518,60032280
60002418,60032280
60002722,60032280
60018068,60032280
60002110,60032280
60103638,60032280
60090887,60032280
60026627,60000947
60004835,60000947
60028358,60000947
60017449,60000947
60026215,60027757
60028609,60027757
60074628,60027757
60032668,60027757
60010167,60027757
60102795,60027757
60012417,60027757
60013881,60027757
60102796,60027757
60021847,60027757
60030241,60027757
60032484,60027757
60007060,60027757
60018636,60027757
60023946,60027757
60010243,60027757
60004328,60027757
60019711,60027757
60018020,60027757
60025075,60027757
60025590,60027757
60030926,60027757
60077329,60027757
60022346,60027757
60014567,60027757
60093175,60027757
60001735,60027757
60005925,60027757
60093007,60027757
60032570,60020555
60102522,60020555
60017911,60020555
60033281,60020555
60016254,60020555
60020309,60020555
60077340,60020555
60082598,60020555
60019931,60020555
60032866,60020555
60022206,60020555
60026986,60020555
60004808,60020555
60030340,60020555
60028666,60020555
60013576,60020555
60007355,60020555
60019422,60020555
60015888,60020555
60101770,60020555
60025617,60020555
60015347,60020555
60016509,60024009
60004452,60024009
60011275,60024009
60018671,60024009
60016716,60024009
60082395,60024009
60004378,60027040
60015308,60016459
60000942,60016459
60024782,60016459
100350511,60021439
60104467,60021439
60032890,60021439
60025169,60021439
60004505,60021439
60028217,60021439
60032034,60021439
60000561,60021439
60020995,60009056
60012377,60009056
60022120,60009056
60032464,60009056
60024892,60009056
60074837,60009056
60015647,60009056
60018154,60009056
60011498,60009056
60005396,60009056
60020281,60009056
60008382,60009056
60031458,60009056
60008884,60009056
60004008,60009056
60011973,60009056
60019204,60009056
60101389,60009056
60022296,60009056
60010517,60009056
60017542,60009056
60023281,60009056
60014895,60009056
60033338,60009056
60076979,60009056
60100308,60009056
60090925,60009056
60020158,60009056
60026378,60009056
60107775,60010237
60008780,60010237
60101765,60010237
60029830,60010237
60006720,60031686
60016214,60011347
60002528,60011347
60015699,60011347
60019135,60011347
60009571,60011347
60020347,60011347
60022923,60011347
60032369,60011347
60025564,60011347
60031474,60011347
60027982,60011347
60027343,60011347
60077352,60011347
60024203,60011347
60017892,60011347
60029698,60011347
60022288,60011347
60023385,60011347
60004404,60011347
60103249,60011347
60098645,60011347
60013140,60011347
60017521,60011347
60107274,60011347
60003698,60011347
60016933,60011347
60030877,60011347
60015431,60011347
60006407,60011347
60022775,60011347
60030373,60011347
60010306,60011347
60019045,60011347
60020015,60011347
60019420,60011347
60004189,60011347
60106886,60011347
60013165,60011347
60019404,60011347
60007536,60011347
60020770,60011347
60011075,60011347
60023670,60006037
60024808,60006037
60020137,60006037
60008213,60006037
60000982,60006037
60030692,60006037
60004306,60006037
60021080,60006037
60012563,60006037
60032984,60006037
60013545,60006037
60074728,60006037
60031304,60006037
60006971,60006037
60032651,60006037
60003255,60006037
60028092,60006037
60102318,60006037
60016751,60006037
60024557,60006037
60021412,60006037
60029578,60006037
60077526,60006037
60083522,60006037
60074790,60006037
60094477,60006037
60073941,60006037
60020162,60006037
60005135,60006037
60077297,60006037
60032032,60006037
60012026,60006037
60024146,60006037
60025478,60000716
60025450,60000716
60026020,60000716
60099641,60000716
60122460,60000716
60004141,60000716
60005947,60000716
60083716,60000716
60107455,60000716
60099640,60000716
60019652,60000716
60096269,60014296
60097853,60011342
60010915,60002442
60021667,60002442
60031943,60002442
60101002,60002442
60005940,60027086
60008742,60027086
60019601,60027086
60092571,60027086
60026964,60027086
60029230,60027086
60033096,60027086
60010611,60027086
60025979,60011976
60021148,60010065
60013082,60010065
60023324,60010065
60093837,60010065
60030859,60010065
60021676,60010065
60026551,60010065
60093928,60010065
60001805,60010065
60003165,60010065
60025739,60010065
60020301,60010065
60007834,60010065
60021334,60010065
60077011,60010065
60030728,60010065
60003131,60004862
60002883,60004862
60026956,60004862
60027119,60004862
60026428,60004862
60016083,60004862
60032553,60004862
60010165,60004862
60003652,60024885
60029382,60024885
60026869,60024885
60008515,60024885
60015437,60024885
60013382,60024885
60031189,60024885
60009025,60024885
60013758,60024885
60021809,60024885
60011490,60024885
60013814,60024885
60007682,60024885
60005676,60024885
60006056,60001241
60016096,60001241
60001674,60001241
60010694,60001241
60020310,60001241
60104850,60025038
60104819,60025038
60104820,60025038
60095700,60025038
60121438,60025038
60121458,60025038
60121355,60025038
60033286,60025038
60013468,60025038
60029392,60025038
60072522,60025038
60000000,60014439
60072478,60014439
60086298,60014439
60114420,60014439
60000018,60014439
60022586,60014439
60116863,60014439
60114206,60014439
60003160,60014439
60028407,60014439
60114314,60014439
60023317,60014439
60006322,60007278
60010861,60007278
60030703,60007278
60029346,60007278
60116494,60007278
60007988,60007278
60087034,60027550
60005247,60027550
60016081,60027550
60006511,60027550
60020418,60027550
60014575,60027550
60032023,60027550
60085729,60027550
60023227,60027550
60078126,60027550
60109559,60027550
60102801,60027550
60085730,60027550
60029270,60027550
60032655,60027550
60026999,60027550
60101299,60027550
60121668,60030612
60121563,60030612
60121653,60030612
60121598,60030612
60121660,60030612
60121662,60030612
60121548,60030612
60121686,60030612
60121501,60030612
60024752,60030612
60086300,60030612
60003262,60030612
60116256,60030612
60025135,60030612
60023018,60030612
60001708,60030612
60121568,60030612
60121661,60030612
60121655,60030612
60002974,60030612
60110665,60030612
60014754,60030612
60018246,60030612
60076081,60023691
60001294,60023691
60003214,60023691
60033399,60023691
60014751,60023691
60028203,60023691
60029881,60023691
60030839,60023691
60017805,60023691
60033283,60023691
60006491,60023691
60074643,60023691
60031970,60023691
60094746,60029241
60020760,60029241
60085982,60024941
60094793,60032012
60095612,60032012
60098598,60032012
60005193,60032012
60094794,60032012
60110341,60032012
60008493,60032012
60031203,60032012
60005205,60022144
60083525,60022144
60028609,60029278
60074607,60029278
60074359,60029278
60027147,60029278
60002904,60029278
60013881,60029278
60103005,60029278
60074358,60029278
60117829,60029278
60000460,60029278
60006805,60029278
60007541,60029278
60117853,60029278
60028551,60029278
60117872,60029278
60112748,60029278
60011092,60029278
60009617,60029278
60074721,60029278
60000640,60029278
60020643,60029278
60116313,60025152
60022944,60025152
60017412,60025152
60006064,60000221
60010371,60010307
60001866,60010307
60024491,60010307
60102305,60010307
60010263,60010307
60002393,60010307
60006204,60010307
60030790,60010307
60026901,60010307
60028421,60010307
60031819,60010307
60003900,60010307
60017847,60022659
60000948,60022659
60008122,60022659
60108652,60022659
60000209,60022659
60024223,60022659
60008083,60022659
60007795,60022659
60010267,60022659
60000443,60008609
60031212,60008609
60033256,60023004
60002845,60023004
60033408,60023004
60000546,60023004
60010313,60015404
60018327,60013959
60026237,60013959
60027033,60013959
60075538,60013959
60004181,60013959
60030502,60013959
60032417,60013959
60017574,60013959
60006298,60013959
60019530,60013959
60024153,60013959
60014789,60013959
60008420,60013959
60007567,60013959
60019838,60013959
60021974,60013959
60007929,60013959
60010177,60013959
60077223,60029747
60022612,60029747
60009402,60029747
60023931,60029747
60028290,60029747
60033227,60029747
60014760,60013791
60026636,60013791
60021013,60013791
60008308,60013791
60024412,60013791
60001977,60013791
60019734,60013791
60014920,60013791
60004485,60013791
60018511,60013791
60000218,60013791
60003579,60013791
60018101,60013791
60009516,60013791
60027796,60013791
60024634,60013791
60027443,60013791
60001511,60013791
60029042,60013791
60002807,60013791
60017047,60013791
60116255,60005837
60019245,60005837
60018024,60033389
60015257,60033389
60007412,60033389
60032422,60033389
60016249,60033389
60074347,60027561
60032691,60027561
60023868,60027561
60002639,60027561
60007313,60000745
60110550,60000745
60015096,60000745
60005614,60000745
60110563,60000745
60110549,60000745
60007601,60000745
60005290,60000745
60090931,60024324
60077149,60024324
60025202,60024324
60025526,60024324
60009788,60024324
60026694,60024324
60005521,60024324
60028922,60024324
60032990,60024324
60005469,60024324
60006455,60024324
60000041,60024324
60023595,60024324
60001647,60024324
60091270,60024324
60004431,60015457
60008611,60015457
60007539,60015457
60090952,60015457
60005537,60015457
60003546,60015457
60006917,60015457
60032121,60015457
60021703,60015457
60003791,60015457
60023246,60015457
60007828,60015457
60003693,60015457
60116860,60015457
60019054,60015457
60011884,60015457
60023466,60015457
60012157,60015457
60008476,60015457
60028793,60015457
60026117,60015941
60025173,60015941
60017800,60015941
60029882,60015941
60005392,60015941
60005846,60015941
60020861,60015941
60007360,60015941
60005099,60015941
60008125,60015941
60018177,60015941
60005416,60015941
60007677,60015941
60027155,60015941
60010906,60015941
60020326,60015161
60020544,60020633
60015175,60020633
60029796,60020633
60022286,60020633
60016028,60008279
60003291,60008279
60016317,60008279
60015237,60008279
60099491,60024063
60013894,60024063
60003999,60000986
60017836,60000986
60031468,60000986
60006428,60000986
60027143,60000986
60033168,60000986
60030375,60000986
60004108,60000986
60003089,60000986
60016686,60029251
60027160,60029251
60017287,60029251
60004546,60029251
60109567,60029251
60011484,60029251
60011479,60029251
60009932,60029251
60017510,60029251
60021519,60029251
60076934,60029445
60009362,60029445
60015427,60029445
60015787,60029445
60028932,60029445
60022372,60029445
60031617,60029445
60076954,60029445
60000204,60029445
60076825,60029445
60030576,60029445
60005693,60029445
60013223,60029445
60007191,60029445
60015026,60029445
60009875,60029445
60020255,60029445
60005989,60029445
60008772,60029445
60022682,60029445
60090965,60029445
60000149,60029445
60013794,60010491
106436015,60010491
60005436,60010491
60010594,60010491
60004109,60010491
60028245,60010491
60019350,60010491
60020462,60010491
60030187,60010491
60012585,60006173
60008953,60006173
60024842,60006173
60006864,60006173
60030148,60007056
60020359,60007056
60005622,60022355
109188680,60022355
60018576,60022355
60020702,60022355
60017053,60022355
60030549,60022355
60027586,60022355
60030098,60016261
60027837,60016261
60006153,60016261
60029465,60016261
60005683,60016261
60010699,60016261
60010796,60016261
60031878,60016261
60002960,60016261
60008188,60026306
60014476,60026306
60013771,60026306
60019419,60026306
60031330,60026306
60032146,60026306
60022111,60026306
60003315,60026306
60012709,60026306
60006508,60026306
60019788,60026306
60004312,60026306
60003427,60026306
60024533,60031892
100322391,60031892
60017854,60031892
60032757,60022462
60022919,60022462
60015254,60027646
60021041,60027646
60015436,60027646
60027576,60027646
60004337,60027646
60020389,60027646
60004019,60033021
60025938,60033021
60025943,60033021
60016680,60033021
60001246,60033021
60014805,60033021
60013349,60033021
60030257,60033021
60022693,60033021
60004444,60033021
60032328,60033021
60017284,60022758
60005053,60017717
60030738,60017717
60008749,60017717
60116849,60017717
60093602,60017717
60025111,60017717
60028785,60017717
60002968,60017717
60020469,60017717
60013450,60017717
60002502,60026161
60076633,60026161
60002031,60026161
60015677,60026161
60029888,60026161
60029405,60026161
60014880,60026161
60004479,60026161
60016960,60026161
60019238,60026161
60026455,60024438
60010544,60024438
60091271,60029288
60077110,60021508
60011216,60021508
60004104,60021508
60007259,60021508
60004474,60030931
60007535,60030931
60028633,60030931
60006933,60030931
60116547,60030931
60032997,60030931
60016130,60030931
60012414,60030931
60006259,60030931
60029833,60030931
60076247,60030931
60008258,60030931
60010489,60030931
60008995,60030931
60025572,60012317
60011915,60012317
60073168,60006297
60023009,60006297
60102562,60006297
60030118,60006297
60004517,60006297
60015802,60006297
60102564,60006297
60003711,60006297
60096942,60006297
60102561,60006297
60031115,60006297
60102563,60006297
60022452,60006297
60030105,60015543
60116111,60015543
60029883,60015543
60028778,60015543
60006816,60015543
60024036,60015543
60003742,60015543
60012018,60015543
60005708,60015543
60015377,60015543
60023329,60015543
60001361,60015543
60076322,60015543
60023292,60015543
60026906,60015543
60011835,60015543
60005588,60015543
60004339,60015543
60002430,60015543
60011838,60015543
60002477,60015543
60028131,60015543
60025606,60010806
60021370,60010806
60019843,60010806
60000811,60027165
60097975,60027165
60015966,60027165
60016723,60027165
60009786,60027165
60097958,60027165
60011253,60027165
60007590,60027165
60024746,60027165
60012831,60027165
60097997,60027165
60002745,60014825
60033378,60000705
60030132,60000705
60032129,60000705
60003338,60000705
60024439,60000705
60016563,60000705
60020138,60018179
60027629,60018179
60026333,60018179
60022900,60018179
60024279,60018179
60032070,60018179
60006281,60018179
60011677,60028179
60006563,60028179
60077650,60007740
60029389,60007740
60004803,60007740
60011951,60007740
60023547,60007740
60022531,60007740
60016958,60007740
60033459,60007740
60007945,60007740
60030822,60007740
60020565,60029311
60014349,60029311
60074627,60029311
60019009,60029311
60015400,60029311
60006209,60029311
60015183,60029311
60009207,60029311
60086699,60029311
60026672,60029311
60099658,60029311
60022143,60029311
60013994,60029311
60005801,60029311
60011571,60010494
60001665,60010494
60023205,60007027
60102403,60007027
60030200,60009635
60014451,60002194
60012655,60002194
60018156,60002194
60016512,60002194
60022833,60002194
100325480,60016429
60028617,60016429
60030751,60016429
60016127,60016429
60027971,60016429
60028296,60016429
60000592,60016429
60015661,60016429
60008232,60013372
60116471,60013372
60032211,60013372
60002866,60027512
60010860,60027512
60011339,60027512
60013847,60027512
60021568,60027512
60026167,60027512
60017008,60027512
60003241,60027512
60012516,60027512
60031643,60018573
60019347,60018573
60110914,60015023
60020948,60015023
60019495,60014569
60018998,60014569
60011933,60014569
60031571,60014569
60002707,60014569
60002678,60014569
60017552,60014569
60003810,60014569
60092486,60026695
60075964,60026695
60000323,60026695
60019950,60026695
60014739,60026695
60023586,60013813
60016240,60021624
60077414,60021624
60019851,60025488
60005576,60025488
60016976,60025488
60012445,60025488
60019012,60025488
60031018,60025488
60013699,60025488
60008753,60025488
60011197,60025488
60024978,60025488
60007737,60025488
60013910,60025488
60011781,60025488
60024406,60025488
60014876,60025488
60009742,60009500
60009296,60009500
60025946,60009500
60020021,60009500
60003502,60009500
60031576,60009500
60028003,60009500
60016970,60021918
60116392,60021918
60027539,60021918
60029980,60021918
60029418,60021918
60011886,60021918
60000030,60021918
60030846,60021918
60032396,60021918
60020077,60021918
60116364,60015481
60014462,60015481
60032180,60015481
60001212,60015481
60091926,60015481
60008190,60015481
60012095,60015481
60033293,60015481
60028548,60015481
60011986,60015481
60008032,60015481
60008980,60015481
60006602,60015481
60016643,60015481
60000864,60015481
60091917,60015481
60117193,60029146
60117195,60029146
60117192,60006020
60117196,60007809
60117191,60007809
60117194,60007809
60102579,60032179
60032900,60032179
60001637,60032179
60011940,60032179
60015837,60032179
60001021,60032179
60016534,60032179
60006929,60032179
60117190,60032179
60075797,60032179
60011780,60032179
60006420,60032179
60025553,60032179
60025163,60032179
60018527,60032179
60020596,60032179
60005756,60032179
60014455,60032179
60075719,60032179
60005890,60032179
60002778,60032179
60117197,60019909
60117198,60019909
60117199,60014628
60117206,60014628
60117189,60020686
60117200,60020686
60117188,60007034
60014783,60008827
60010783,60008827
60029249,60008827
60016682,60008827
60019509,60008827
60028324,60008827
60027498,60008827
60009977,60008827
60030268,60018889
60023502,60031706
60018376,60031706
60017861,60001310
60033401,60032173
60015753,60003915
60116489,60003915
60006923,60003915
60032506,60003915
60011566,60003915
60075880,60003915
60018566,60003915
60011078,60003915
60014083,60003915
60076100,60003915
60076111,60003915
60027095,60003915
60032071,60003915
60010235,60003915
60009842,60003915
60010138,60003915
60014604,60003915
60030769,60003915
60010060,60003915
60006475,60003915
60024644,60003915
60029432,60003915
60021068,60003915
60023490,60003915
60024890,60003915
60015422,60031589
60026622,60031589
60026494,60031589
60006231,60031589
60079136,60013155
60085989,60013155
60007742,60031495
60010374,60002476
60020375,60002476
60007733,60002476
60010966,60002476
60027005,60002476
60011337,60002476
60075589,60002476
60009486,60002476
60009475,60002476
60079901,60111821
60007244,60111821
60001445,60016425
60030693,60030223
60005547,60027090
60007206,60027090
60025966,60027090
60017843,60027090
60028515,60027090
60024456,60027090
60032766,60027090
60019299,60027090
60013208,60027090
60093124,60074896
60019433,60087923
60026149,60033114
60026014,60033114
60116537,60033114
60025688,60033114
60031437,60033114
60000001,60012786
60006130,60012786
60019432,60015620
60020625,60024977
60018418,60024977
60020941,60026876
60033375,60016617
60009831,60018208
60017579,60013851
60024914,60010261
60016667,60010261
60031628,60010261
60032010,60010261
60016478,60010261
60074776,60010261
60105336,60010261
60014260,60010261
60116134,60010261
60029607,60010261
60073778,60010261
60074756,60010261
60007852,60010261
60022756,60010261
60006263,60010261
60101958,60010261
60100317,60016167
60033199,60009408
60024663,60009408
60005420,60009408
60018105,60009408
60024328,60009408
60019595,60009408
60101391,60079187
60101390,60079187
60030444,60022502
60011979,60021143
108105471,60021143
60018091,60021143
60013489,60021143
60019423,60021143
60014723,60021143
60020890,60021143
60028388,60021143
60022783,60021143
60022445,60021143
60032591,60021143
60028139,60021143
60028124,60021143
60007688,60021143
60012624,60021143
60109189,60014444
60022503,60010100
60003309,60014611
60030755,60014611
60102399,60000879
60113710,60000879
60004043,60008313
60028398,60008313
60031845,60003631
60074759,60020818
60026774,60020818
60084102,60020818
60028547,60020818
60012680,60017742
60025646,60006796
60020642,60021497
60101130,60027049
60019223,60018939
60032110,60018939
60000920,60018939
60011526,60018939
60007058,60003283
60016404,60003283
60032313,60016631
60019312,60016631
60019049,60016631
60032783,60016631
60000358,60016631
60003022,60016631
60098811,60016631
60027159,60007198
60016293,60112834
60010795,60020069
60020703,60018306
60001358,60017202
60023940,60021113
60094776,60019463
60075272,60075274
60075273,60075274
60025283,60005455
60031817,60005455
60003224,60005455
60004555,60005455
60007280,60005455
60024109,60005455
60029366,60005455
60029854,60005455
60030849,60005455
60015278,60005455
60016052,60005455
60001308,60005455
60017994,60005455
60007879,60005455
60015232,60005455
60013334,60005455
60007555,60028510
60002388,60028510
60027795,60028510
60022826,60028510
60027954,60028510
60031461,60028510
60016750,60028510
60013184,60028510
60005719,60028510
60020481,60028510
60024099,60028510
60025842,60028510
60001641,60028510
60021879,60028510
60017027,60028510
60024139,60112910
60007458,60112910
60074630,60023305
60075508,60023305
